source,x1,x2,value,trials,rank,is_best
11,-3.977448615493859e-05,2.181574388885671e-05,0.00012836493720813635,1,1,True
30,-8.007368636794333e-05,-0.0002664520273993605,0.0007889969788874573,0,2,False
18,-0.00027112712880753183,-0.00014200566850244237,0.0008681757975357307,0,3,False
27,-0.0003268509685627362,0.00026486253277125966,0.0011946160285636331,2,4,False
46,-0.0003454061522631946,0.0005762956389431489,0.0019123828226565998,20,5,False
38,-0.0004050721408817917,-0.0005505781661917491,0.0019457694940752113,5,6,False
45,0.0006624760799183822,-0.0001696056909850042,0.0019466513092116777,0,7,False
32,-0.00015989286110272278,-0.0007022969593934518,0.002051041419349975,0,8,False
17,-0.0014845876518598212,-0.0006740521926756021,0.004682377448258723,2,9,False
13,-0.0009260672146824611,0.0014480618331090195,0.004940344932368834,2,10,False
4,-0.0019898296574745507,0.00019855895615315984,0.005762518765803026,7,11,False
44,-0.00020337504771784855,-0.002029850641324895,0.005880843851035156,3,12,False
26,-0.00023426087509586776,-0.002442999139293689,0.007101918552284037,6,13,False
23,-0.0025394754930072715,-1.3818235567606568e-05,0.007354548387632054,0,14,False
48,0.0028443808231996826,-0.001273647527862212,0.009073456757992648,1,15,False
21,-0.0010131566172970022,-0.003081673116130945,0.009455462277010884,0,16,False
9,-0.003412634336937035,0.0002453030513639374,0.009988980138942782,5,17,False
8,-0.002765945249532958,-0.0020739110095331706,0.010096388625207897,3,18,False
6,-0.0025611336527833397,0.0032070544091885303,0.012056975120362967,4,19,False
25,0.003488746704295635,-0.002655908771907751,0.012913549110443956,1,20,False
1,0.005822815598730194,0.001337635459463743,0.01784860702143165,3,21,False
15,-0.001201430515458202,0.006096752424606186,0.01860375874217768,0,22,False
28,-0.008024987402599888,0.0023676412451768864,0.025528495925421613,1,23,False
37,-0.0044261389666587145,0.0075313765793561666,0.02673926301224272,1,24,False
12,0.009887367333779068,0.002307934849920353,0.031460250530568334,5,25,False
7,-0.002618487655554157,0.023952919428119994,0.08353981643104946,0,26,False
19,0.03376615904127877,-0.007382981567238135,0.12927200897705093,2,27,False
40,-0.009707063573898318,0.03369945485751012,0.1316295420445539,5,28,False
24,-0.047979190277063585,7.351012144597116e-05,0.19585339159916204,5,29,False
42,-0.048362309021156166,0.03745633008692859,0.2701980223364484,1,30,False
39,-0.017334079432135094,0.07252908568769705,0.3526783846200279,0,31,False
29,0.0764620582358492,-0.00046620648278354387,0.3646954024153577,3,32,False
10,0.010095167709177396,-0.08524646795895446,0.4277101083028687,2,33,False
14,-0.08656348419256843,-0.10137783462301762,0.7989405373188707,3,34,False
41,-0.1448419035749619,0.00048777812313992113,0.8829679397937231,2,35,False
43,-0.004832299731340274,-0.18329021274531315,1.20988745876975,1,36,False
49,0.06521974652802415,-0.2699519977970132,2.002566809488066,0,37,False
34,-0.35881515142864495,-0.00014853162466846678,2.5056310427731288,1,38,False
47,-0.003188840624289682,-0.9501502141297273,2.580303186468328,6,39,False
33,-0.0018656995869814194,0.9589399161286719,2.5811245612257534,5,40,False
35,-0.9529378384381878,0.03430351163864564,2.6120626219819347,4,41,False
16,-1.853448157828697e-05,0.9057604989602419,2.6263943002618686,1,42,False
22,-0.9248856815080456,0.038370199229774665,2.635627051682022,2,43,False
50,-0.3943015201670046,-0.0011387537558071592,2.6909053786535577,0,44,False
5,-0.3407526888093539,-0.1491589112645484,2.716711783684343,10,45,False
36,-0.3895376596391774,0.1176498007328487,2.8514466426049094,2,46,False
2,-0.9962994033036578,0.17338565928815752,3.305553753730774,3,47,False
31,0.9614824789985473,0.9669517039517543,3.5757328248954754,4,48,False
20,-0.011593832029544952,1.387116695866918,5.15425406347941,3,49,False
3,-0.9894923034384054,1.985565213575624,5.394319116398336,7,50,False
