cycle,best_value,mean_value,worst_value,std_value,best_x1,best_x2,employed_improvements,onlooker_improvements,scouts,best_value_so_far
1,4.319262843305168,8.58774509295104,12.830884669310645,2.2564114569148606,-0.41084224461660046,0.6874119595289372,21,22,0,4.319262843305168
2,0.10901355240080379,7.7668156967373205,12.830884669310645,2.8688711059052077,-0.011533856550179689,-0.027781445574530883,17,17,0,0.10901355240080379
3,0.10901355240080379,7.017784519227186,12.830884669310645,3.0185498219822287,-0.011533856550179689,-0.027781445574530883,19,11,0,0.10901355240080379
4,0.10901355240080379,6.30042491386188,12.830884669310645,3.1046924911829668,-0.011533856550179689,-0.027781445574530883,19,12,0,0.10901355240080379
5,0.3364499833263008,5.996905232596975,12.043666195298243,2.988096039785324,0.07197804348299458,-0.0037585858719218733,11,16,1,0.10901355240080379
6,0.011921905396296228,5.19142906339355,12.043666195298243,2.7707132156443595,-0.0003454061522631946,0.00404515490552744,18,15,0,0.011921905396296228
7,0.011921905396296228,4.849443897712901,11.627740644029085,2.621329543969957,-0.0003454061522631946,0.00404515490552744,16,11,0,0.011921905396296228
8,0.011921905396296228,4.392487341866499,11.627740644029085,2.4937882297972025,-0.0003454061522631946,0.00404515490552744,17,13,0,0.011921905396296228
9,0.011291978913178458,3.9437900027560198,11.627740644029085,2.5861378668224377,-0.0003454061522631946,0.0038370837126220983,15,12,0,0.011291978913178458
10,0.011291978913178458,3.66681268544507,10.453097285755115,2.447984634687735,-0.0003454061522631946,0.0038370837126220983,16,9,0,0.011291978913178458
11,0.011291978913178458,3.393489203949261,10.453097285755115,2.3474030427785477,-0.0003454061522631946,0.0038370837126220983,14,9,0,0.011291978913178458
12,0.011291978913178458,2.9988217120890965,10.453097285755115,2.2158058212398846,-0.0003454061522631946,0.0038370837126220983,15,7,0,0.011291978913178458
13,0.007829076263274448,2.8043273412402714,12.139166728890316,2.339463110795389,-0.0003454061522631946,0.0026772092536469557,13,10,1,0.007829076263274448
14,0.007829076263274448,2.6292981858296485,11.787364889861871,2.3514277164706483,-0.0003454061522631946,0.0026772092536469557,17,13,0,0.007829076263274448
15,0.003415494878524772,2.184290331518072,11.57835723541098,2.232475751300746,-3.977448615493859e-05,0.001193472595985341,19,16,0,0.003415494878524772
16,0.0019123828226565998,2.058741633190547,11.57835723541098,2.2804799115695857,-0.0003454061522631946,0.0005762956389431489,14,13,0,0.0019123828226565998
17,0.0019123828226565998,1.8912679779464225,11.57835723541098,2.305547529238634,-0.0003454061522631946,0.0005762956389431489,16,16,0,0.0019123828226565998
18,0.0019123828226565998,1.7373879833009676,10.494540470203816,2.130617427256298,-0.0003454061522631946,0.0005762956389431489,16,15,0,0.0019123828226565998
19,0.0019123828226565998,1.5104878204708958,8.12822683522336,1.8513840282492076,-0.0003454061522631946,0.0005762956389431489,15,15,0,0.0019123828226565998
20,0.000491275860700302,1.4087316793808782,6.482868912900905,1.7408340712068178,-3.977448615493859e-05,-0.00016878602268228062,9,13,0,0.000491275860700302
21,0.000491275860700302,1.2370163325779089,5.394319116398336,1.53305027948643,-3.977448615493859e-05,-0.00016878602268228062,18,15,0,0.000491275860700302
22,0.000491275860700302,1.212515318475447,5.394319116398336,1.5240776116611454,-3.977448615493859e-05,-0.00016878602268228062,11,15,0,0.000491275860700302
23,0.000491275860700302,1.1415007840727431,5.394319116398336,1.4874814487206318,-3.977448615493859e-05,-0.00016878602268228062,17,14,0,0.000491275860700302
24,0.000491275860700302,0.9872339655811336,5.394319116398336,1.4323624133276531,-3.977448615493859e-05,-0.00016878602268228062,19,12,0,0.000491275860700302
25,0.00012836493720813635,0.9662065897584688,5.394319116398336,1.4367076126739846,-3.977448615493859e-05,2.181574388885671e-05,12,11,0,0.00012836493720813635
26,0.00012836493720813635,1.027987787558523,10.961792132588217,1.9001748993812022,-3.977448615493859e-05,2.181574388885671e-05,16,12,1,0.00012836493720813635
27,0.00012836493720813635,0.8848118162584409,7.391577140166779,1.52948484016357,-3.977448615493859e-05,2.181574388885671e-05,17,10,0,0.00012836493720813635
28,0.00012836493720813635,0.8564620423937778,7.391577140166779,1.5213898379633828,-3.977448615493859e-05,2.181574388885671e-05,13,13,0,0.00012836493720813635
29,0.00012836493720813635,0.8202241977605074,7.391577140166779,1.4863135772926634,-3.977448615493859e-05,2.181574388885671e-05,9,14,0,0.00012836493720813635
30,0.00012836493720813635,0.7672523848267212,7.391577140166779,1.4862904807478268,-3.977448615493859e-05,2.181574388885671e-05,14,19,0,0.00012836493720813635
31,0.00012836493720813635,0.6772506860885763,7.391577140166779,1.4452585354080698,-3.977448615493859e-05,2.181574388885671e-05,11,15,0,0.00012836493720813635
32,1.602255197896696e-05,0.5371577814515955,4.615348370933262,1.0662158929624885,3.970170004606913e-06,-4.040371172348205e-06,18,16,0,1.602255197896696e-05
33,1.602255197896696e-05,0.4460144626436086,3.385941076624239,0.9060230002430638,3.970170004606913e-06,-4.040371172348205e-06,14,16,0,1.602255197896696e-05
34,1.602255197896696e-05,0.4093195306436464,3.385941076624239,0.8748218253279912,3.970170004606913e-06,-4.040371172348205e-06,14,15,0,1.602255197896696e-05
35,1.602255197896696e-05,0.35235012732212456,3.1399484697051396,0.8216594493762532,3.970170004606913e-06,-4.040371172348205e-06,21,11,0,1.602255197896696e-05
36,1.602255197896696e-05,0.2943324932013129,3.1399484697051396,0.753150418979525,3.970170004606913e-06,-4.040371172348205e-06,18,14,0,1.602255197896696e-05
37,1.602255197896696e-05,0.24735553652829573,2.869246761842437,0.6975235673698876,3.970170004606913e-06,-4.040371172348205e-06,17,14,0,1.602255197896696e-05
38,1.602255197896696e-05,0.20358171025842495,2.869246761842437,0.6382887976108896,3.970170004606913e-06,-4.040371172348205e-06,16,14,0,1.602255197896696e-05
39,1.602255197896696e-05,0.190118358430892,2.6026466567808098,0.6138705003919345,3.970170004606913e-06,-4.040371172348205e-06,16,19,0,1.602255197896696e-05
40,1.5825709156036538e-05,0.16145826039119385,2.6026466567808098,0.5367244687202338,3.8702373013794025e-06,-4.040371172348205e-06,17,19,0,1.5825709156036538e-05
41,1.209820855807564e-05,0.15353521452056726,2.6026466567808098,0.5328649095101646,-4.24637765874608e-06,5.124789746344829e-07,18,18,0,1.209820855807564e-05
42,1.5608055474736204e-06,0.12828829997546237,2.6026466484816813,0.5076279537060856,5.410602347895738e-07,-1.0846613995662375e-07,16,14,0,1.5608055474736204e-06
43,1.5608055474736204e-06,0.1267961695390357,2.6026466484816813,0.507835149484345,5.410602347895738e-07,-1.0846613995662375e-07,14,14,0,1.5608055474736204e-06
44,1.5608055474736204e-06,0.12237787856892197,2.6026466484816813,0.5074773842326442,5.410602347895738e-07,-1.0846613995662375e-07,14,13,0,1.5608055474736204e-06
45,1.5608055474736204e-06,0.11756999816593243,2.602646647827545,0.5074090058250789,5.410602347895738e-07,-1.0846613995662375e-07,18,19,0,1.5608055474736204e-06
46,1.5608055474736204e-06,0.10995309751797265,2.602646647827545,0.5069781165642347,5.410602347895738e-07,-1.0846613995662375e-07,17,10,0,1.5608055474736204e-06
47,1.5608055474736204e-06,0.10871705473619535,2.602646647827545,0.5071970835489801,5.410602347895738e-07,-1.0846613995662375e-07,13,13,0,1.5608055474736204e-06
48,1.3574581996245172e-06,0.08299339014866199,2.5820176793925964,0.4028210134900487,4.6566097888107113e-07,1.1616525751655152e-07,16,14,0,1.3574581996245172e-06
49,1.3574581996245172e-06,0.08250867759264473,2.5820176793925964,0.40291279167633265,4.6566097888107113e-07,1.1616525751655152e-07,15,16,0,1.3574581996245172e-06
50,1.3574581996245172e-06,0.06848674545358273,2.5820176793925964,0.37026552762252524,4.6566097888107113e-07,1.1616525751655152e-07,14,13,0,1.3574581996245172e-06
51,1.3438110291197347e-06,0.06664968057135527,2.5820176793925964,0.37039664381381243,4.6566097888107113e-07,9.42674100456182e-08,14,18,0,1.3438110291197347e-06
52,3.3839612756381143e-07,0.0664613899318991,2.5820176737327327,0.37042534020760465,5.048818445125765e-08,-1.0846613995662375e-07,19,13,0,3.3839612756381143e-07
